{
  "micro_f1": 0.9480212803102002,
  "macro_f1": 0.8888894025923383
}