{
  "micro_f1": 0.957016126000827,
  "macro_f1": 0.9123174799904918
}