{
  "micro_f1": 0.9509630339727475,
  "macro_f1": 0.9163810555597952
}