{
  "micro_f1": 0.9434148304658417,
  "macro_f1": 0.9039855387001187
}