{
  "micro_f1": 0.9380873513593986,
  "macro_f1": 0.8953980073993205
}