{
  "micro_f1": 0.9612652310875851,
  "macro_f1": 0.9089976056718859
}