{
  "micro_f1": 0.9574156205367211,
  "macro_f1": 0.916767073048451
}