{
  "micro_f1": 0.9629411005146556,
  "macro_f1": 0.9309690257979467
}