{
  "model": "optuna_logreg_best",
  "micro_f1": 0.9781993259508907,
  "macro_f1": 0.9660216617683088
}